Ticket_ID,Event_Time,Alert_Source,Alert_Type,Detection_Tool,Severity,Confidence_Level,Confidence_Band,Affected_Asset,User_Role,Indicators_Present,Short_Description,Category_Label,Risk_Score,MITRE_Tactic,MITRE_Technique,Possible_CVE,Enrichment_Context,Immediate_Containment,Playbook_Steps,Recommended_Action,Expected_Action,Decision_Correct
1001,2026-02-10T02:14:31Z,Email Gateway,Suspicious Email Activity,Proofpoint,HIGH,82,HIGH,User Mailbox,Staff,suspicious link;new sender domain;failed SPF,Email flagged containing a suspicious link from an unrecognised external sender domain.,Phishing,7.5,TA0001 - Initial Access,T1566.001 - Spearphishing Link / Attachment,N/A (social engineering; no CVE applicable),Indicator pattern matches an active credential-harvesting or malware-delivery phishing campaign. Sender domain likely registered within the last 7 days. Similar campaigns observed in threat intelligence feeds within 48 hours. Treat any user who clicked or opened attachment as potentially compromised.,Block sender domain at email gateway. Retract email from all recipient mailboxes via admin console. Reset credentials for any user who interacted with the email.,"1. Pull full recipient list from mail server logs for this sender domain.
2. Retract email from all mailboxes using the admin email console immediately.
3. Identify users who clicked the link or opened the attachment via proxy or email gateway click-tracking logs.
4. Force password reset and MFA re-enrollment for every user who interacted.
5. Block sender domain and IP at email gateway and DNS sinkholes.
6. Extract and submit phishing URL, sender domain, and attachment hash as IOCs to threat intel platform.
7. Notify affected users with security awareness guidance.
8. If credential usage is confirmed post-click, escalate to Tier-2 immediately for account takeover investigation.",Escalate,Escalate,YES
1002,2026-02-10T08:45:12Z,Email Gateway,Suspicious Email Activity,Mimecast,MEDIUM,61,MEDIUM,User Mailbox,Staff,spoofed display name;lookalike domain;urgent subject,Email with spoofed executive display name delivered to finance team member.,Phishing,3.75,TA0001 - Initial Access,T1566.001 - Spearphishing Link,N/A (social engineering; no CVE applicable),"Sender is spoofing an executive or trusted internal identity. Domain fails DMARC, DKIM, or SPF alignment. This pattern is consistent with Business Email Compromise (BEC) or a targeted spearphishing campaign. Finance and admin users are common targets.",Retract all delivered emails from mailboxes. Block the spoofed or lookalike domain at gateway. Alert the impersonated individual and their team directly.,"1. Check DMARC, DKIM, and SPF alignment results for the sender domain.
2. Determine whether this is a targeted spearphish (BEC) or opportunistic bulk campaign.
3. Retract emails from all affected mailboxes.
4. If executive impersonation: notify finance team and the impersonated executive directly via phone.
5. Block the lookalike or spoofed domain at email gateway and DNS.
6. Search mail logs for prior messages from the same domain or IP range.
7. Submit domain to brand protection vendor for takedown request.
8. Document IOCs and close ticket, or escalate if financial transaction was initiated.",Investigate,Investigate,YES
1003,2026-02-10T11:20:05Z,Email Gateway,Suspicious Email Activity,O365 Defender,LOW,28,LOW,User Mailbox,Staff,bulk delivery;newsletter pattern;unsubscribe link present,Mass email flagged by filter; unsubscribe link present and domain reputation neutral.,Phishing,1.0,TA0001 - Initial Access,N/A - Likely false positive,N/A,Alert pattern is consistent with bulk marketing email or an auto-generated internal message. Sender domain has neutral or positive reputation. No malicious indicators confirmed. High probability of false positive.,No immediate containment required. Confirm with requestor if needed.,"1. Verify sender domain reputation via threat intel lookup.
2. Confirm presence of a valid unsubscribe mechanism or known sender relationship.
3. If sender is a known marketing platform or partner, whitelist domain to reduce future noise.
4. Document decision rationale and close ticket as false positive.",Close - False Positive,Close - False Positive,YES
1004,2026-02-10T14:33:47Z,Email Gateway,Suspicious Email Activity,Proofpoint,CRITICAL,91,HIGH,User Mailbox,Admin,credential harvesting url;executive impersonation;macro attachment,Email impersonating CEO delivered to admin user containing macro-enabled attachment.,Phishing,9.5,TA0001 - Initial Access,T1566.001 - Spearphishing Link / Attachment,N/A (social engineering; no CVE applicable),Indicator pattern matches an active credential-harvesting or malware-delivery phishing campaign. Sender domain likely registered within the last 7 days. Similar campaigns observed in threat intelligence feeds within 48 hours. Treat any user who clicked or opened attachment as potentially compromised.,Block sender domain at email gateway. Retract email from all recipient mailboxes via admin console. Reset credentials for any user who interacted with the email.,"1. Pull full recipient list from mail server logs for this sender domain.
2. Retract email from all mailboxes using the admin email console immediately.
3. Identify users who clicked the link or opened the attachment via proxy or email gateway click-tracking logs.
4. Force password reset and MFA re-enrollment for every user who interacted.
5. Block sender domain and IP at email gateway and DNS sinkholes.
6. Extract and submit phishing URL, sender domain, and attachment hash as IOCs to threat intel platform.
7. Notify affected users with security awareness guidance.
8. If credential usage is confirmed post-click, escalate to Tier-2 immediately for account takeover investigation.",Escalate,Escalate,YES
1005,2026-02-11T07:15:22Z,Email Gateway,Suspicious Email Activity,Mimecast,MEDIUM,44,MEDIUM,User Mailbox,Staff,lookalike domain;spoofed sender;no prior contact,Lookalike domain used to impersonate HR team in email to staff member.,Phishing,3.75,TA0001 - Initial Access,T1566.001 - Spearphishing Link,N/A (social engineering; no CVE applicable),"Sender is spoofing an executive or trusted internal identity. Domain fails DMARC, DKIM, or SPF alignment. This pattern is consistent with Business Email Compromise (BEC) or a targeted spearphishing campaign. Finance and admin users are common targets.",Retract all delivered emails from mailboxes. Block the spoofed or lookalike domain at gateway. Alert the impersonated individual and their team directly.,"1. Check DMARC, DKIM, and SPF alignment results for the sender domain.
2. Determine whether this is a targeted spearphish (BEC) or opportunistic bulk campaign.
3. Retract emails from all affected mailboxes.
4. If executive impersonation: notify finance team and the impersonated executive directly via phone.
5. Block the lookalike or spoofed domain at email gateway and DNS.
6. Search mail logs for prior messages from the same domain or IP range.
7. Submit domain to brand protection vendor for takedown request.
8. Document IOCs and close ticket, or escalate if financial transaction was initiated.",Investigate,Investigate,YES
1006,2026-02-11T09:02:58Z,Email Gateway,Suspicious Email Activity,O365 Defender,LOW,33,LOW,User Mailbox,Staff,internal forward rule;auto-reply pattern;low confidence score,Alert triggered on auto-forwarding rule; pattern consistent with legitimate mail flow.,Phishing,1.0,TA0001 - Initial Access,N/A - Likely false positive,N/A,Alert pattern is consistent with bulk marketing email or an auto-generated internal message. Sender domain has neutral or positive reputation. No malicious indicators confirmed. High probability of false positive.,No immediate containment required. Confirm with requestor if needed.,"1. Verify sender domain reputation via threat intel lookup.
2. Confirm presence of a valid unsubscribe mechanism or known sender relationship.
3. If sender is a known marketing platform or partner, whitelist domain to reduce future noise.
4. Document decision rationale and close ticket as false positive.",Close - False Positive,Close - False Positive,YES
1007,2026-02-11T16:48:10Z,Email Gateway,Suspicious Email Activity,Proofpoint,HIGH,77,HIGH,User Mailbox,Admin,credential harvesting url;urgent password reset;external sender,Admin user received urgent password-reset email from external domain with embedded harvesting URL.,Phishing,7.5,TA0001 - Initial Access,T1566.001 - Spearphishing Link / Attachment,N/A (social engineering; no CVE applicable),Indicator pattern matches an active credential-harvesting or malware-delivery phishing campaign. Sender domain likely registered within the last 7 days. Similar campaigns observed in threat intelligence feeds within 48 hours. Treat any user who clicked or opened attachment as potentially compromised.,Block sender domain at email gateway. Retract email from all recipient mailboxes via admin console. Reset credentials for any user who interacted with the email.,"1. Pull full recipient list from mail server logs for this sender domain.
2. Retract email from all mailboxes using the admin email console immediately.
3. Identify users who clicked the link or opened the attachment via proxy or email gateway click-tracking logs.
4. Force password reset and MFA re-enrollment for every user who interacted.
5. Block sender domain and IP at email gateway and DNS sinkholes.
6. Extract and submit phishing URL, sender domain, and attachment hash as IOCs to threat intel platform.
7. Notify affected users with security awareness guidance.
8. If credential usage is confirmed post-click, escalate to Tier-2 immediately for account takeover investigation.",Escalate,Escalate,YES
1008,2026-02-12T03:22:09Z,Email Gateway,Suspicious Email Activity,Mimecast,MEDIUM,55,MEDIUM,User Mailbox,Staff,spoofed display name;failed DMARC;finance keyword,Finance keyword detected in email body; sender failed DMARC alignment check.,Phishing,3.75,TA0001 - Initial Access,T1566.001 - Spearphishing Link,N/A (social engineering; no CVE applicable),"Sender is spoofing an executive or trusted internal identity. Domain fails DMARC, DKIM, or SPF alignment. This pattern is consistent with Business Email Compromise (BEC) or a targeted spearphishing campaign. Finance and admin users are common targets.",Retract all delivered emails from mailboxes. Block the spoofed or lookalike domain at gateway. Alert the impersonated individual and their team directly.,"1. Check DMARC, DKIM, and SPF alignment results for the sender domain.
2. Determine whether this is a targeted spearphish (BEC) or opportunistic bulk campaign.
3. Retract emails from all affected mailboxes.
4. If executive impersonation: notify finance team and the impersonated executive directly via phone.
5. Block the lookalike or spoofed domain at email gateway and DNS.
6. Search mail logs for prior messages from the same domain or IP range.
7. Submit domain to brand protection vendor for takedown request.
8. Document IOCs and close ticket, or escalate if financial transaction was initiated.",Investigate,Investigate,YES
1009,2026-02-12T10:10:44Z,Email Gateway,Suspicious Email Activity,O365 Defender,LOW,19,LOW,User Mailbox,Staff,newsletter;known marketing domain;low volume,Alert raised on promotional email from known marketing platform; low risk.,Phishing,1.0,TA0001 - Initial Access,N/A - Likely false positive,N/A,Alert pattern is consistent with bulk marketing email or an auto-generated internal message. Sender domain has neutral or positive reputation. No malicious indicators confirmed. High probability of false positive.,No immediate containment required. Confirm with requestor if needed.,"1. Verify sender domain reputation via threat intel lookup.
2. Confirm presence of a valid unsubscribe mechanism or known sender relationship.
3. If sender is a known marketing platform or partner, whitelist domain to reduce future noise.
4. Document decision rationale and close ticket as false positive.",Close - False Positive,Close - False Positive,YES
1010,2026-02-12T15:57:31Z,Email Gateway,Suspicious Email Activity,Proofpoint,HIGH,80,HIGH,User Mailbox,Staff,macro attachment;external sender;new domain,Staff member received email with macro-enabled attachment from newly registered domain.,Phishing,7.5,TA0001 - Initial Access,T1566.001 - Spearphishing Link / Attachment,N/A (social engineering; no CVE applicable),Indicator pattern matches an active credential-harvesting or malware-delivery phishing campaign. Sender domain likely registered within the last 7 days. Similar campaigns observed in threat intelligence feeds within 48 hours. Treat any user who clicked or opened attachment as potentially compromised.,Block sender domain at email gateway. Retract email from all recipient mailboxes via admin console. Reset credentials for any user who interacted with the email.,"1. Pull full recipient list from mail server logs for this sender domain.
2. Retract email from all mailboxes using the admin email console immediately.
3. Identify users who clicked the link or opened the attachment via proxy or email gateway click-tracking logs.
4. Force password reset and MFA re-enrollment for every user who interacted.
5. Block sender domain and IP at email gateway and DNS sinkholes.
6. Extract and submit phishing URL, sender domain, and attachment hash as IOCs to threat intel platform.
7. Notify affected users with security awareness guidance.
8. If credential usage is confirmed post-click, escalate to Tier-2 immediately for account takeover investigation.",Escalate,Escalate,YES
1011,2026-02-13T06:30:00Z,Email Gateway,Suspicious Email Activity,Mimecast,MEDIUM,48,MEDIUM,User Mailbox,Staff,lookalike domain;missing DKIM;IT impersonation,Email impersonating IT helpdesk sent from domain missing DKIM signature.,Phishing,3.75,TA0001 - Initial Access,T1566.001 - Spearphishing Link,N/A (social engineering; no CVE applicable),"Sender is spoofing an executive or trusted internal identity. Domain fails DMARC, DKIM, or SPF alignment. This pattern is consistent with Business Email Compromise (BEC) or a targeted spearphishing campaign. Finance and admin users are common targets.",Retract all delivered emails from mailboxes. Block the spoofed or lookalike domain at gateway. Alert the impersonated individual and their team directly.,"1. Check DMARC, DKIM, and SPF alignment results for the sender domain.
2. Determine whether this is a targeted spearphish (BEC) or opportunistic bulk campaign.
3. Retract emails from all affected mailboxes.
4. If executive impersonation: notify finance team and the impersonated executive directly via phone.
5. Block the lookalike or spoofed domain at email gateway and DNS.
6. Search mail logs for prior messages from the same domain or IP range.
7. Submit domain to brand protection vendor for takedown request.
8. Document IOCs and close ticket, or escalate if financial transaction was initiated.",Investigate,Investigate,YES
1012,2026-02-13T13:45:19Z,Email Gateway,Suspicious Email Activity,O365 Defender,LOW,22,LOW,User Mailbox,Staff,known sender;low confidence;no malicious indicators,Alert triggered on email from known partner; no malicious indicators found on review.,Phishing,1.0,TA0001 - Initial Access,N/A - Likely false positive,N/A,Alert pattern is consistent with bulk marketing email or an auto-generated internal message. Sender domain has neutral or positive reputation. No malicious indicators confirmed. High probability of false positive.,No immediate containment required. Confirm with requestor if needed.,"1. Verify sender domain reputation via threat intel lookup.
2. Confirm presence of a valid unsubscribe mechanism or known sender relationship.
3. If sender is a known marketing platform or partner, whitelist domain to reduce future noise.
4. Document decision rationale and close ticket as false positive.",Close - False Positive,Close - False Positive,YES
1013,2026-02-10T01:05:44Z,Endpoint Protection,Endpoint Malware Detection,CrowdStrike,CRITICAL,95,HIGH,Workstation,Staff,ransomware dropper;vssadmin shadow copy deletion;temp directory execution,Ransomware dropper detected executing from user temp directory; shadow copy deletion observed.,Malware,9.5,TA0002 - Execution / TA0003 - Persistence,T1486 - Data Encrypted for Impact,CVE-2021-34527 (PrintNightmare) or CVE-2020-0796 (SMBGhost) - common ransomware precursors,Indicator pattern matches a ransomware deployment chain. Shadow copy deletion via vssadmin is a strong signal of ransomware execution. Network scanning suggests lateral movement before or during encryption. Immediate isolation is critical to limit blast radius.,Isolate host from network immediately using EDR quarantine policy. Do NOT reboot. Preserve memory image for forensics.,"1. Quarantine the affected host immediately via EDR network isolation policy.
2. Preserve volatile memory dump before any remediation action (do not reboot).
3. Identify the infection vector: email attachment, malicious download, or lateral movement.
4. Scan all hosts on the same network segment for the same ransomware IOCs.
5. Check Active Directory for any new accounts or privilege escalations made in the last 24 hours.
6. Engage Tier-2 and Incident Response team immediately.
7. Verify and restore from the most recent clean backup after full forensic investigation.
8. Apply patches for CVE-2021-34527 and CVE-2020-0796 if not already patched.",Escalate,Escalate,YES
1014,2026-02-10T07:22:17Z,Endpoint Protection,Endpoint Malware Detection,SentinelOne,HIGH,83,HIGH,Workstation,Staff,C2 beacon;registry persistence;encoded PowerShell,Malware beacon to external C2 detected; persistence written to registry run key.,Malware,7.5,TA0002 - Execution / TA0003 - Persistence,T1547.001 - Registry Run Keys / T1059.001 - PowerShell,CVE-2023-23397 (Outlook NTLM relay) or CVE-2022-30190 (Follina) - common dropper vectors,C2 beacon and persistence indicators confirm malware has established a foothold. Encoded PowerShell is used to evade detection while downloading second-stage payloads. Registry run key persistence survives reboots. Treat this host as fully compromised.,Block C2 IP and domain at perimeter firewall and proxy. Kill the malicious process via EDR. Remove the registry persistence key.,"1. Block identified C2 IP and associated domain at perimeter firewall, web proxy, and DNS sinkhole.
2. Terminate the malicious process on the host via EDR remote kill.
3. Remove the registry run key persistence entry.
4. Decode and analyse the PowerShell payload to identify second-stage actions and additional IOCs.
5. Search SIEM for the same C2 IP and domain across all hosts in the environment.
6. Review email logs for evidence of CVE-2023-23397 or CVE-2022-30190 exploitation.
7. Patch Outlook and Office if affected versions are confirmed.
8. Submit all IOCs (hash, C2 IP, domain, registry key) to threat intel platform.",Escalate,Escalate,YES
1015,2026-02-10T09:40:55Z,Endpoint Protection,Endpoint Malware Detection,Windows Defender,MEDIUM,60,MEDIUM,Workstation,Staff,trojan signature;quarantine successful;no lateral movement,Known trojan signature matched and quarantined by AV; no further activity observed.,Malware,3.75,TA0002 - Execution / TA0003 - Persistence,T1003.001 - LSASS Memory Dump,CVE-2022-24521 (Windows CLFS EoP) - commonly used for privilege escalation prior to credential dump,"LSASS access or dump attempt means all credentials cached on this host must be considered compromised. If the host is domain-joined, domain credentials including service accounts are at risk. Lateral movement confirms the attacker is actively pivoting.",Isolate host immediately. Assume all credentials cached on this host are compromised and initiate forced reset.,"1. Isolate the endpoint immediately via EDR quarantine.
2. Initiate forced password reset for all user accounts that were logged into this host.
3. Reset the machine account password in Active Directory.
4. Temporarily disable affected accounts pending investigation.
5. Search for Qakbot or similar trojan persistence: scheduled tasks, DLL hijacks, startup folders.
6. Review Active Directory event logs for new admin account creation or privilege changes.
7. Check neighbouring hosts for the same lateral movement IOCs.
8. Escalate to Tier-2 for full forensic investigation and AD remediation.",Investigate,Investigate,YES
1016,2026-02-10T14:15:02Z,Endpoint Protection,Endpoint Malware Detection,Carbon Black,CRITICAL,88,HIGH,Server,Admin,LSASS dump attempt;lateral movement detected;worm propagation,Credential dump via LSASS attempted; lateral movement to two adjacent hosts detected.,Malware,9.5,TA0002 - Execution / TA0003 - Persistence,T1486 - Data Encrypted for Impact,CVE-2021-34527 (PrintNightmare) or CVE-2020-0796 (SMBGhost) - common ransomware precursors,Indicator pattern matches a ransomware deployment chain. Shadow copy deletion via vssadmin is a strong signal of ransomware execution. Network scanning suggests lateral movement before or during encryption. Immediate isolation is critical to limit blast radius.,Isolate host from network immediately using EDR quarantine policy. Do NOT reboot. Preserve memory image for forensics.,"1. Quarantine the affected host immediately via EDR network isolation policy.
2. Preserve volatile memory dump before any remediation action (do not reboot).
3. Identify the infection vector: email attachment, malicious download, or lateral movement.
4. Scan all hosts on the same network segment for the same ransomware IOCs.
5. Check Active Directory for any new accounts or privilege escalations made in the last 24 hours.
6. Engage Tier-2 and Incident Response team immediately.
7. Verify and restore from the most recent clean backup after full forensic investigation.
8. Apply patches for CVE-2021-34527 and CVE-2020-0796 if not already patched.",Escalate,Escalate,YES
1017,2026-02-11T02:55:30Z,Endpoint Protection,Endpoint Malware Detection,CrowdStrike,HIGH,74,MEDIUM,Workstation,Staff,encoded PowerShell;downloader activity;new scheduled task,Encoded PowerShell command executed a downloader; new scheduled task created for persistence.,Malware,5.62,TA0002 - Execution / TA0003 - Persistence,T1547.001 - Registry Run Keys / T1059.001 - PowerShell,CVE-2023-23397 (Outlook NTLM relay) or CVE-2022-30190 (Follina) - common dropper vectors,C2 beacon and persistence indicators confirm malware has established a foothold. Encoded PowerShell is used to evade detection while downloading second-stage payloads. Registry run key persistence survives reboots. Treat this host as fully compromised.,Block C2 IP and domain at perimeter firewall and proxy. Kill the malicious process via EDR. Remove the registry persistence key.,"1. Block identified C2 IP and associated domain at perimeter firewall, web proxy, and DNS sinkhole.
2. Terminate the malicious process on the host via EDR remote kill.
3. Remove the registry run key persistence entry.
4. Decode and analyse the PowerShell payload to identify second-stage actions and additional IOCs.
5. Search SIEM for the same C2 IP and domain across all hosts in the environment.
6. Review email logs for evidence of CVE-2023-23397 or CVE-2022-30190 exploitation.
7. Patch Outlook and Office if affected versions are confirmed.
8. Submit all IOCs (hash, C2 IP, domain, registry key) to threat intel platform.",Investigate,Investigate,YES
1018,2026-02-11T10:05:11Z,Endpoint Protection,Endpoint Malware Detection,SentinelOne,LOW,35,LOW,Workstation,Staff,PUP detected;adware;quarantine successful,Potentially unwanted program flagged and quarantined; no malicious behaviour observed.,Malware,1.0,TA0002 - Execution / TA0003 - Persistence,N/A - Low severity; quarantine resolved,N/A,"Alert is consistent with a potentially unwanted program or a low-confidence signature match. AV quarantine was successful with no evidence of execution, network activity, or process injection. Risk to the environment is minimal.",No immediate containment required. Confirm quarantine status in EDR console.,"1. Confirm quarantine was successful in EDR management console.
2. Verify no process execution, network connections, or persistence mechanisms were created.
3. Delete quarantined file after confirming no forensic value.
4. Update AV signature rules if false positive is confirmed.
5. Document and close ticket.",Close - Resolved,Close - Resolved,YES
1019,2026-02-11T14:30:22Z,Endpoint Protection,Endpoint Malware Detection,Windows Defender,MEDIUM,58,MEDIUM,Workstation,Staff,trojan signature;no network activity;isolated file,Trojan signature matched on dropped file; no network connections or process injection seen.,Malware,3.75,TA0002 - Execution / TA0003 - Persistence,T1486 - Data Encrypted for Impact,CVE-2021-34527 (PrintNightmare) or CVE-2020-0796 (SMBGhost) - common ransomware precursors,Indicator pattern matches a ransomware deployment chain. Shadow copy deletion via vssadmin is a strong signal of ransomware execution. Network scanning suggests lateral movement before or during encryption. Immediate isolation is critical to limit blast radius.,Isolate host from network immediately using EDR quarantine policy. Do NOT reboot. Preserve memory image for forensics.,"1. Quarantine the affected host immediately via EDR network isolation policy.
2. Preserve volatile memory dump before any remediation action (do not reboot).
3. Identify the infection vector: email attachment, malicious download, or lateral movement.
4. Scan all hosts on the same network segment for the same ransomware IOCs.
5. Check Active Directory for any new accounts or privilege escalations made in the last 24 hours.
6. Engage Tier-2 and Incident Response team immediately.
7. Verify and restore from the most recent clean backup after full forensic investigation.
8. Apply patches for CVE-2021-34527 and CVE-2020-0796 if not already patched.",Investigate,Investigate,YES
1020,2026-02-12T04:10:47Z,Endpoint Protection,Endpoint Malware Detection,Carbon Black,CRITICAL,92,HIGH,Workstation,Admin,ransomware dropper;SMB scanning;credential dump,Ransomware dropper executed on admin workstation; internal SMB scanning and credential dump observed.,Malware,9.5,TA0002 - Execution / TA0003 - Persistence,T1486 - Data Encrypted for Impact,CVE-2021-34527 (PrintNightmare) or CVE-2020-0796 (SMBGhost) - common ransomware precursors,Indicator pattern matches a ransomware deployment chain. Shadow copy deletion via vssadmin is a strong signal of ransomware execution. Network scanning suggests lateral movement before or during encryption. Immediate isolation is critical to limit blast radius.,Isolate host from network immediately using EDR quarantine policy. Do NOT reboot. Preserve memory image for forensics.,"1. Quarantine the affected host immediately via EDR network isolation policy.
2. Preserve volatile memory dump before any remediation action (do not reboot).
3. Identify the infection vector: email attachment, malicious download, or lateral movement.
4. Scan all hosts on the same network segment for the same ransomware IOCs.
5. Check Active Directory for any new accounts or privilege escalations made in the last 24 hours.
6. Engage Tier-2 and Incident Response team immediately.
7. Verify and restore from the most recent clean backup after full forensic investigation.
8. Apply patches for CVE-2021-34527 and CVE-2020-0796 if not already patched.",Escalate,Escalate,YES
1021,2026-02-12T08:50:33Z,Endpoint Protection,Endpoint Malware Detection,CrowdStrike,HIGH,78,HIGH,Workstation,Staff,C2 beacon;DNS tunnelling;exfiltration pattern,Malware using DNS tunnelling to beacon to C2; large outbound data transfer observed.,Malware,7.5,TA0002 - Execution / TA0003 - Persistence,T1547.001 - Registry Run Keys / T1059.001 - PowerShell,CVE-2023-23397 (Outlook NTLM relay) or CVE-2022-30190 (Follina) - common dropper vectors,C2 beacon and persistence indicators confirm malware has established a foothold. Encoded PowerShell is used to evade detection while downloading second-stage payloads. Registry run key persistence survives reboots. Treat this host as fully compromised.,Block C2 IP and domain at perimeter firewall and proxy. Kill the malicious process via EDR. Remove the registry persistence key.,"1. Block identified C2 IP and associated domain at perimeter firewall, web proxy, and DNS sinkhole.
2. Terminate the malicious process on the host via EDR remote kill.
3. Remove the registry run key persistence entry.
4. Decode and analyse the PowerShell payload to identify second-stage actions and additional IOCs.
5. Search SIEM for the same C2 IP and domain across all hosts in the environment.
6. Review email logs for evidence of CVE-2023-23397 or CVE-2022-30190 exploitation.
7. Patch Outlook and Office if affected versions are confirmed.
8. Submit all IOCs (hash, C2 IP, domain, registry key) to threat intel platform.",Escalate,Escalate,YES
1022,2026-02-12T12:20:05Z,Endpoint Protection,Endpoint Malware Detection,SentinelOne,LOW,25,LOW,Workstation,Staff,low confidence signature;sandbox clean;no process injection,Low-confidence signature triggered; sandbox analysis clean; no malicious behaviour confirmed.,Malware,1.0,TA0002 - Execution / TA0003 - Persistence,N/A - Low severity; quarantine resolved,N/A,"Alert is consistent with a potentially unwanted program or a low-confidence signature match. AV quarantine was successful with no evidence of execution, network activity, or process injection. Risk to the environment is minimal.",No immediate containment required. Confirm quarantine status in EDR console.,"1. Confirm quarantine was successful in EDR management console.
2. Verify no process execution, network connections, or persistence mechanisms were created.
3. Delete quarantined file after confirming no forensic value.
4. Update AV signature rules if false positive is confirmed.
5. Document and close ticket.",Close - False Positive,Close - False Positive,YES
1023,2026-02-12T17:40:58Z,Endpoint Protection,Endpoint Malware Detection,Windows Defender,MEDIUM,65,MEDIUM,Workstation,Staff,encoded PowerShell;no network activity;script blocked,Encoded PowerShell script blocked before execution; no follow-on activity observed.,Malware,3.75,TA0002 - Execution / TA0003 - Persistence,T1547.001 - Registry Run Keys / T1059.001 - PowerShell,CVE-2023-23397 (Outlook NTLM relay) or CVE-2022-30190 (Follina) - common dropper vectors,C2 beacon and persistence indicators confirm malware has established a foothold. Encoded PowerShell is used to evade detection while downloading second-stage payloads. Registry run key persistence survives reboots. Treat this host as fully compromised.,Block C2 IP and domain at perimeter firewall and proxy. Kill the malicious process via EDR. Remove the registry persistence key.,"1. Block identified C2 IP and associated domain at perimeter firewall, web proxy, and DNS sinkhole.
2. Terminate the malicious process on the host via EDR remote kill.
3. Remove the registry run key persistence entry.
4. Decode and analyse the PowerShell payload to identify second-stage actions and additional IOCs.
5. Search SIEM for the same C2 IP and domain across all hosts in the environment.
6. Review email logs for evidence of CVE-2023-23397 or CVE-2022-30190 exploitation.
7. Patch Outlook and Office if affected versions are confirmed.
8. Submit all IOCs (hash, C2 IP, domain, registry key) to threat intel platform.",Investigate,Investigate,YES
1024,2026-02-13T05:15:21Z,Endpoint Protection,Endpoint Malware Detection,Carbon Black,HIGH,71,MEDIUM,Workstation,Staff,trojan signature;LSASS access;no confirmed dump,Trojan attempted LSASS memory access; access blocked before dump completed.,Malware,5.62,TA0002 - Execution / TA0003 - Persistence,T1003.001 - LSASS Memory Dump,CVE-2022-24521 (Windows CLFS EoP) - commonly used for privilege escalation prior to credential dump,"LSASS access or dump attempt means all credentials cached on this host must be considered compromised. If the host is domain-joined, domain credentials including service accounts are at risk. Lateral movement confirms the attacker is actively pivoting.",Isolate host immediately. Assume all credentials cached on this host are compromised and initiate forced reset.,"1. Isolate the endpoint immediately via EDR quarantine.
2. Initiate forced password reset for all user accounts that were logged into this host.
3. Reset the machine account password in Active Directory.
4. Temporarily disable affected accounts pending investigation.
5. Search for Qakbot or similar trojan persistence: scheduled tasks, DLL hijacks, startup folders.
6. Review Active Directory event logs for new admin account creation or privilege changes.
7. Check neighbouring hosts for the same lateral movement IOCs.
8. Escalate to Tier-2 for full forensic investigation and AD remediation.",Investigate,Investigate,YES
1025,2026-02-10T00:42:19Z,Identity Provider,Authentication Failure Anomaly,Okta,CRITICAL,90,HIGH,User Account,Admin,impossible travel;admin account;foreign IP;no VPN,Admin account logged in from two continents within 25 minutes with no VPN or travel notice.,Authentication Anomaly,9.5,TA0006 - Credential Access / TA0001 - Initial Access,T1078.004 - Cloud Accounts / Valid Accounts,N/A (credential stuffing or account compromise; no CVE applicable),Impossible travel or TOR exit node login is a strong indicator of account compromise. The attacker may be using previously stolen credentials. Admin accounts under this indicator represent a critical risk due to elevated privileges.,Revoke all active sessions for the account immediately. Suspend the account pending user verification.,"1. Revoke all active sessions for the account in the identity provider (Okta, Azure AD).
2. Suspend the account to prevent further access.
3. Contact the user via a verified out-of-band channel (phone call, not email) to confirm whether the login was authorised.
4. If confirmed unauthorised: reset password, revoke all MFA devices, and re-enrol MFA on a verified device.
5. Review the audit log for all actions taken during the foreign or TOR session (data access, downloads, setting changes).
6. If an admin account: check for new account creation, privilege escalation, or configuration changes.
7. Submit the source IP to threat intel and check for known credential-stuffing campaign association.
8. Escalate to Tier-2 if any data access or privilege misuse is confirmed during the suspicious session.",Escalate,Escalate,YES
1026,2026-02-10T06:18:44Z,Identity Provider,Authentication Failure Anomaly,Azure AD,HIGH,81,HIGH,User Account,Staff,brute force;50 failed logins;5 minute window,Over 50 failed login attempts against a single account within 5 minutes from one external IP.,Authentication Anomaly,7.5,TA0006 - Credential Access / TA0001 - Initial Access,T1110.001 - Brute Force: Password Guessing,N/A (credential attack; no CVE applicable),Brute-force volume and speed indicate an automated credential attack tool. Source IP may belong to a botnet. Account lockout policy effectiveness should be reviewed. Check whether any login ultimately succeeded from the attacking IP before lockout.,Block the attacking IP at the perimeter firewall. Lock the targeted account. Review and tighten account lockout policy threshold.,"1. Block the attacking source IP at the perimeter firewall.
2. Lock the targeted account in the identity provider.
3. Verify that no successful login occurred from the attacking IP before lockout triggered.
4. If a successful login occurred: treat as full account compromise and follow impossible travel playbook.
5. Review account lockout policy — tighten threshold to 5-10 failed attempts if currently higher.
6. Check whether the same source IP targeted other accounts.
7. Submit source IP to threat intel platform.
8. Reset account password and unlock after confirmation with the account owner.",Escalate,Escalate,YES
1027,2026-02-10T10:55:02Z,Identity Provider,Authentication Failure Anomaly,Duo Security,MEDIUM,62,MEDIUM,User Account,Staff,MFA push anomaly;new device;off-hours login,MFA push accepted from unregistered device during off-hours; potential account takeover.,Authentication Anomaly,3.75,TA0006 - Credential Access / TA0001 - Initial Access,T1621 - Multi-Factor Authentication Request Generation,N/A (MFA fatigue or push hijack; no CVE applicable),MFA push accepted from an unregistered device during off-hours is consistent with MFA fatigue attack or SIM-swapping. The attacker may have the user's password and is relying on the user accidentally approving the push.,Revoke the suspicious session. Remove the unregistered device from MFA trusted devices. Contact user immediately.,"1. Revoke the active session created after the suspicious MFA push.
2. Remove the unregistered device from the user's MFA trusted device list.
3. Contact the user via phone to determine whether they approved the push intentionally.
4. If unintentional: reset password and re-enrol MFA on verified device only.
5. Review all actions taken in the session after the MFA push was accepted.
6. Enable number-matching or additional context in MFA push to prevent future fatigue attacks.
7. Escalate to Tier-2 if sensitive data was accessed in the suspicious session.",Investigate,Investigate,YES
1028,2026-02-10T13:30:17Z,Identity Provider,Authentication Failure Anomaly,Splunk SIEM,LOW,30,LOW,User Account,Staff,failed login;single attempt;known user,Single failed login attempt from known user on known device; likely mistyped password.,Authentication Anomaly,1.0,TA0006 - Credential Access / TA0001 - Initial Access,T1110.001 - Brute Force: Password Guessing,N/A (credential attack; no CVE applicable),Brute-force volume and speed indicate an automated credential attack tool. Source IP may belong to a botnet. Account lockout policy effectiveness should be reviewed. Check whether any login ultimately succeeded from the attacking IP before lockout.,Block the attacking IP at the perimeter firewall. Lock the targeted account. Review and tighten account lockout policy threshold.,"1. Block the attacking source IP at the perimeter firewall.
2. Lock the targeted account in the identity provider.
3. Verify that no successful login occurred from the attacking IP before lockout triggered.
4. If a successful login occurred: treat as full account compromise and follow impossible travel playbook.
5. Review account lockout policy — tighten threshold to 5-10 failed attempts if currently higher.
6. Check whether the same source IP targeted other accounts.
7. Submit source IP to threat intel platform.
8. Reset account password and unlock after confirmation with the account owner.",Close - False Positive,Close - False Positive,YES
1029,2026-02-11T01:05:50Z,Identity Provider,Authentication Failure Anomaly,Okta,HIGH,76,HIGH,User Account,Admin,password spray;30 accounts targeted;rotating IPs,Password spray detected across 30+ accounts using rotating source IPs to evade lockout policy.,Authentication Anomaly,7.5,TA0006 - Credential Access / TA0001 - Initial Access,T1110.003 - Brute Force: Password Spraying,N/A (credential attack; no CVE applicable),Low-volume attempts distributed across many accounts are designed to evade lockout policies. Rotating source IPs indicate automation. Common passwords tried typically follow Season+Year or Company+Year patterns. No successful logins confirmed yet but this requires immediate monitoring.,Block the source IP subnet at perimeter. Enable risk-based conditional access policy for affected accounts.,"1. Block the source IP subnet at perimeter firewall.
2. Query the identity provider for any successful authentication from the attacking IPs across all targeted accounts.
3. Force password reset for any account with a confirmed successful login.
4. Enable risk-based conditional access (Azure AD Identity Protection or Okta ThreatInsight) for all targeted accounts.
5. Notify all targeted users to change passwords if they use predictable patterns (e.g., Season+Year).
6. Monitor for follow-on spray attempts from new IP ranges.
7. Escalate to Tier-2 if any accounts are confirmed compromised.",Escalate,Escalate,YES
1030,2026-02-11T07:40:33Z,Identity Provider,Authentication Failure Anomaly,Azure AD,MEDIUM,55,MEDIUM,User Account,Staff,impossible travel;low confidence;VPN flagged,Impossible travel alert triggered but VPN usage partially explains geolocation discrepancy.,Authentication Anomaly,3.75,TA0006 - Credential Access / TA0001 - Initial Access,T1078.004 - Cloud Accounts / Valid Accounts,N/A (credential stuffing or account compromise; no CVE applicable),Impossible travel or TOR exit node login is a strong indicator of account compromise. The attacker may be using previously stolen credentials. Admin accounts under this indicator represent a critical risk due to elevated privileges.,Revoke all active sessions for the account immediately. Suspend the account pending user verification.,"1. Revoke all active sessions for the account in the identity provider (Okta, Azure AD).
2. Suspend the account to prevent further access.
3. Contact the user via a verified out-of-band channel (phone call, not email) to confirm whether the login was authorised.
4. If confirmed unauthorised: reset password, revoke all MFA devices, and re-enrol MFA on a verified device.
5. Review the audit log for all actions taken during the foreign or TOR session (data access, downloads, setting changes).
6. If an admin account: check for new account creation, privilege escalation, or configuration changes.
7. Submit the source IP to threat intel and check for known credential-stuffing campaign association.
8. Escalate to Tier-2 if any data access or privilege misuse is confirmed during the suspicious session.",Investigate,Investigate,YES
1031,2026-02-11T11:10:08Z,Identity Provider,Authentication Failure Anomaly,Duo Security,LOW,21,LOW,User Account,Staff,MFA push;user confirmed;known device,MFA push accepted from known device; user confirmed action via callback.,Authentication Anomaly,1.0,TA0006 - Credential Access / TA0001 - Initial Access,T1621 - Multi-Factor Authentication Request Generation,N/A (MFA fatigue or push hijack; no CVE applicable),MFA push accepted from an unregistered device during off-hours is consistent with MFA fatigue attack or SIM-swapping. The attacker may have the user's password and is relying on the user accidentally approving the push.,Revoke the suspicious session. Remove the unregistered device from MFA trusted devices. Contact user immediately.,"1. Revoke the active session created after the suspicious MFA push.
2. Remove the unregistered device from the user's MFA trusted device list.
3. Contact the user via phone to determine whether they approved the push intentionally.
4. If unintentional: reset password and re-enrol MFA on verified device only.
5. Review all actions taken in the session after the MFA push was accepted.
6. Enable number-matching or additional context in MFA push to prevent future fatigue attacks.
7. Escalate to Tier-2 if sensitive data was accessed in the suspicious session.",Close - Resolved,Close - Resolved,YES
1032,2026-02-11T15:25:44Z,Identity Provider,Authentication Failure Anomaly,Splunk SIEM,MEDIUM,50,MEDIUM,User Account,Admin,brute force;account locked;10 attempts,Account locked after 10 failed attempts from external IP; standard lockout policy triggered.,Authentication Anomaly,3.75,TA0006 - Credential Access / TA0001 - Initial Access,T1110.001 - Brute Force: Password Guessing,N/A (credential attack; no CVE applicable),Brute-force volume and speed indicate an automated credential attack tool. Source IP may belong to a botnet. Account lockout policy effectiveness should be reviewed. Check whether any login ultimately succeeded from the attacking IP before lockout.,Block the attacking IP at the perimeter firewall. Lock the targeted account. Review and tighten account lockout policy threshold.,"1. Block the attacking source IP at the perimeter firewall.
2. Lock the targeted account in the identity provider.
3. Verify that no successful login occurred from the attacking IP before lockout triggered.
4. If a successful login occurred: treat as full account compromise and follow impossible travel playbook.
5. Review account lockout policy — tighten threshold to 5-10 failed attempts if currently higher.
6. Check whether the same source IP targeted other accounts.
7. Submit source IP to threat intel platform.
8. Reset account password and unlock after confirmation with the account owner.",Investigate,Investigate,YES
1033,2026-02-12T02:00:11Z,Identity Provider,Authentication Failure Anomaly,Okta,CRITICAL,88,HIGH,User Account,Admin,impossible travel;TOR exit node;admin privileges,Admin account authenticated from a known TOR exit node; high-risk geolocation.,Authentication Anomaly,9.5,TA0006 - Credential Access / TA0001 - Initial Access,T1078.004 - Cloud Accounts / Valid Accounts,N/A (credential stuffing or account compromise; no CVE applicable),Impossible travel or TOR exit node login is a strong indicator of account compromise. The attacker may be using previously stolen credentials. Admin accounts under this indicator represent a critical risk due to elevated privileges.,Revoke all active sessions for the account immediately. Suspend the account pending user verification.,"1. Revoke all active sessions for the account in the identity provider (Okta, Azure AD).
2. Suspend the account to prevent further access.
3. Contact the user via a verified out-of-band channel (phone call, not email) to confirm whether the login was authorised.
4. If confirmed unauthorised: reset password, revoke all MFA devices, and re-enrol MFA on a verified device.
5. Review the audit log for all actions taken during the foreign or TOR session (data access, downloads, setting changes).
6. If an admin account: check for new account creation, privilege escalation, or configuration changes.
7. Submit the source IP to threat intel and check for known credential-stuffing campaign association.
8. Escalate to Tier-2 if any data access or privilege misuse is confirmed during the suspicious session.",Escalate,Escalate,YES
1034,2026-02-12T09:30:59Z,Identity Provider,Authentication Failure Anomaly,Azure AD,HIGH,73,MEDIUM,User Account,Service,service account anomaly;off-hours;new geolocation,Service account authenticated from new geolocation during off-hours; no change request on file.,Authentication Anomaly,5.62,TA0006 - Credential Access / TA0001 - Initial Access,T1621 - Multi-Factor Authentication Request Generation,N/A (MFA fatigue or push hijack; no CVE applicable),MFA push accepted from an unregistered device during off-hours is consistent with MFA fatigue attack or SIM-swapping. The attacker may have the user's password and is relying on the user accidentally approving the push.,Revoke the suspicious session. Remove the unregistered device from MFA trusted devices. Contact user immediately.,"1. Revoke the active session created after the suspicious MFA push.
2. Remove the unregistered device from the user's MFA trusted device list.
3. Contact the user via phone to determine whether they approved the push intentionally.
4. If unintentional: reset password and re-enrol MFA on verified device only.
5. Review all actions taken in the session after the MFA push was accepted.
6. Enable number-matching or additional context in MFA push to prevent future fatigue attacks.
7. Escalate to Tier-2 if sensitive data was accessed in the suspicious session.",Investigate,Investigate,YES
1035,2026-02-12T14:05:27Z,Identity Provider,Authentication Failure Anomaly,Duo Security,LOW,29,LOW,User Account,Staff,single failed attempt;vacation mode active;self-reported,User on approved leave; single failed attempt; user confirmed accidental login attempt.,Authentication Anomaly,1.0,TA0006 - Credential Access / TA0001 - Initial Access,N/A - Confirmed false positive,N/A,Authentication event has been confirmed as legitimate by the account owner or is consistent with known device and location patterns. No threat indicators present.,No containment required.,"1. Confirm legitimacy with account owner via verified channel.
2. Document the confirmation and rationale.
3. Close ticket as false positive or resolved.",Close - False Positive,Close - False Positive,YES
1036,2026-02-12T18:50:03Z,Identity Provider,Authentication Failure Anomaly,Splunk SIEM,MEDIUM,57,MEDIUM,User Account,Staff,password spray;low volume;5 accounts,Low-volume password spray targeting 5 accounts; below lockout threshold but pattern detected.,Authentication Anomaly,3.75,TA0006 - Credential Access / TA0001 - Initial Access,T1110.003 - Brute Force: Password Spraying,N/A (credential attack; no CVE applicable),Low-volume attempts distributed across many accounts are designed to evade lockout policies. Rotating source IPs indicate automation. Common passwords tried typically follow Season+Year or Company+Year patterns. No successful logins confirmed yet but this requires immediate monitoring.,Block the source IP subnet at perimeter. Enable risk-based conditional access policy for affected accounts.,"1. Block the source IP subnet at perimeter firewall.
2. Query the identity provider for any successful authentication from the attacking IPs across all targeted accounts.
3. Force password reset for any account with a confirmed successful login.
4. Enable risk-based conditional access (Azure AD Identity Protection or Okta ThreatInsight) for all targeted accounts.
5. Notify all targeted users to change passwords if they use predictable patterns (e.g., Season+Year).
6. Monitor for follow-on spray attempts from new IP ranges.
7. Escalate to Tier-2 if any accounts are confirmed compromised.",Investigate,Investigate,YES
1037,2026-02-10T03:20:14Z,Network Monitoring,Unusual Network Traffic,Darktrace,CRITICAL,93,HIGH,Network Segment,Service,large outbound transfer;after hours;unknown external destination,2 GB outbound data transfer to uncategorised external IP detected between 2-3 AM.,Network Anomaly,9.5,TA0010 - Exfiltration / TA0011 - Command and Control,T1048 - Exfiltration Over Alternative Protocol,N/A (post-exploitation exfiltration; no CVE applicable),Large outbound transfer after hours to an uncategorised destination is a high-fidelity exfiltration indicator. Volume and timing are inconsistent with normal business operations. Investigate the originating host for malware or insider threat activity.,Block outbound traffic from the originating host to the external destination at the perimeter firewall. Isolate the host if malware is suspected.,"1. Block outbound traffic from the source host to the external destination IP at the perimeter firewall.
2. Identify the originating process on the host responsible for the transfer via EDR telemetry.
3. Determine what data was transferred: classify the data type and sensitivity.
4. Check whether the destination IP is on any threat intel blacklist.
5. If malware is suspected as the cause: isolate the host and follow the Malware playbook.
6. If insider threat is suspected: preserve evidence, do not alert the user, and escalate to Tier-2 and HR.
7. Submit destination IP and any associated domains as IOCs.
8. File an incident report and determine whether a data breach notification is required.",Escalate,Escalate,YES
1038,2026-02-10T08:05:37Z,Network Monitoring,Unusual Network Traffic,Palo Alto NGFW,HIGH,80,HIGH,Network Segment,Staff,DNS tunnelling;high query frequency;single domain,DNS tunnelling pattern detected; high-frequency queries to a single low-TTL external domain.,Network Anomaly,7.5,TA0010 - Exfiltration / TA0011 - Command and Control,T1071.004 - Application Layer Protocol: DNS,N/A (DNS abuse; no CVE applicable),DNS tunnelling is used by attackers to exfiltrate data or maintain C2 communication while evading traditional firewall controls. High-frequency queries to a single low-TTL domain are a strong indicator. Identify the host generating the queries and treat as likely compromised.,Block the destination domain at the DNS resolver and sinkholes. Isolate the originating host.,"1. Identify the internal host generating the high-frequency DNS queries.
2. Block the queried domain at the internal DNS resolver and all DNS sinkholes.
3. Isolate the originating host from the network.
4. Analyse DNS query content for encoded data patterns (Base64, hex encoding in subdomains).
5. Review the host for malware consistent with DNS-tunnelling tools (Iodine, DNScat).
6. Check how long the tunnelling has been active and estimate data volume transferred.
7. Submit the malicious domain as an IOC.
8. Escalate to Tier-2 for full forensic investigation.",Escalate,Escalate,YES
1039,2026-02-10T12:45:22Z,Network Monitoring,Unusual Network Traffic,Zeek IDS,MEDIUM,60,MEDIUM,Network Segment,Staff,internal port scan;DMZ target;single host,Internal workstation performing port scan of DMZ hosts; potential reconnaissance activity.,Network Anomaly,3.75,TA0010 - Exfiltration / TA0011 - Command and Control,T1046 - Network Service Scanning,CVE-2017-0144 (EternalBlue/WannaCry) - commonly exploited after internal SMB scanning,Internal port scanning targeting the DMZ or other segments indicates an attacker or compromised host mapping the network for lateral movement opportunities. SMB scanning may indicate preparation for EternalBlue exploitation.,Block the scanning host from communicating with DMZ segment at the internal firewall. Investigate the scanning host for compromise.,"1. Block traffic from the scanning host to DMZ and other sensitive segments at the internal firewall.
2. Investigate the scanning host via EDR telemetry for the process responsible for the scan.
3. Determine whether the scan was generated by an approved asset discovery tool or unauthorised software.
4. If unauthorised: treat host as compromised and follow Malware playbook.
5. Review patch status for CVE-2017-0144 across all hosts in the scanned range.
6. Check for any successful connections made to open ports discovered during the scan.
7. Document findings and escalate to Tier-2 if compromise is confirmed.",Investigate,Investigate,YES
1040,2026-02-10T16:30:09Z,Network Monitoring,Unusual Network Traffic,Cisco Stealthwatch,LOW,27,LOW,Network Segment,Staff,minor traffic spike;business hours;known CDN,Traffic spike detected during business hours to known CDN; consistent with software update activity.,Network Anomaly,1.0,TA0010 - Exfiltration / TA0011 - Command and Control,N/A - Likely false positive,N/A,"Traffic pattern is consistent with legitimate business activity: scheduled backup, software update distribution from a known CDN, or an approved asset discovery tool. Low risk indicator.",No immediate containment required.,"1. Verify the traffic source and destination against approved application and backup schedules.
2. Confirm the CDN or destination is on the approved vendor list.
3. If confirmed legitimate: whitelist the traffic pattern to reduce future alert noise.
4. Document and close ticket as false positive or resolved.",Close - False Positive,Close - False Positive,YES
1041,2026-02-11T01:55:41Z,Network Monitoring,Unusual Network Traffic,Darktrace,HIGH,77,HIGH,Network Segment,Service,blacklisted IP;C2 pattern;non-standard port,Internal host communicating with threat-intel blacklisted IP on non-standard port 4444.,Network Anomaly,7.5,TA0010 - Exfiltration / TA0011 - Command and Control,T1095 - Non-Application Layer Protocol / T1571 - Non-Standard Port,CVE-2021-44228 (Log4Shell) or CVE-2021-26084 (Confluence RCE) - common vectors for establishing C2,Communication to a known-malicious or blacklisted IP on a non-standard port strongly indicates active C2 communication. The originating host should be treated as compromised. Non-standard ports are used to evade firewall rules that only inspect common ports.,Block the destination IP at the perimeter firewall immediately. Isolate the originating host via EDR.,"1. Block the C2 IP and any associated domains at the perimeter firewall.
2. Isolate the originating internal host via EDR quarantine.
3. Review the host for malware persistence mechanisms.
4. Decode and analyse any encoded payload captured in the traffic.
5. Check threat intel for the C2 IP — identify malware family if possible.
6. Review CVE-2021-44228 and CVE-2021-26084 patch status on the affected host.
7. Submit the C2 IP, port, and payload hash as IOCs.
8. Escalate to Tier-2 for full incident investigation.",Escalate,Escalate,YES
1042,2026-02-11T09:20:18Z,Network Monitoring,Unusual Network Traffic,Palo Alto NGFW,MEDIUM,53,MEDIUM,Network Segment,Staff,lateral movement pattern;SMB traffic;internal host,Unusual SMB traffic between internal hosts; may indicate lateral movement or misconfigured service.,Network Anomaly,3.75,TA0010 - Exfiltration / TA0011 - Command and Control,T1046 - Network Service Scanning,CVE-2017-0144 (EternalBlue/WannaCry) - commonly exploited after internal SMB scanning,Internal port scanning targeting the DMZ or other segments indicates an attacker or compromised host mapping the network for lateral movement opportunities. SMB scanning may indicate preparation for EternalBlue exploitation.,Block the scanning host from communicating with DMZ segment at the internal firewall. Investigate the scanning host for compromise.,"1. Block traffic from the scanning host to DMZ and other sensitive segments at the internal firewall.
2. Investigate the scanning host via EDR telemetry for the process responsible for the scan.
3. Determine whether the scan was generated by an approved asset discovery tool or unauthorised software.
4. If unauthorised: treat host as compromised and follow Malware playbook.
5. Review patch status for CVE-2017-0144 across all hosts in the scanned range.
6. Check for any successful connections made to open ports discovered during the scan.
7. Document findings and escalate to Tier-2 if compromise is confirmed.",Investigate,Investigate,YES
1043,2026-02-11T13:55:05Z,Network Monitoring,Unusual Network Traffic,Zeek IDS,LOW,31,LOW,Network Segment,Staff,low volume;known peer;normal protocol,Low-volume traffic to known internal peer over standard protocol; no anomalous behaviour.,Network Anomaly,1.0,TA0010 - Exfiltration / TA0011 - Command and Control,N/A - Likely false positive,N/A,"Traffic pattern is consistent with legitimate business activity: scheduled backup, software update distribution from a known CDN, or an approved asset discovery tool. Low risk indicator.",No immediate containment required.,"1. Verify the traffic source and destination against approved application and backup schedules.
2. Confirm the CDN or destination is on the approved vendor list.
3. If confirmed legitimate: whitelist the traffic pattern to reduce future alert noise.
4. Document and close ticket as false positive or resolved.",Close - False Positive,Close - False Positive,YES
1044,2026-02-11T17:40:52Z,Network Monitoring,Unusual Network Traffic,Cisco Stealthwatch,MEDIUM,66,MEDIUM,Network Segment,Staff,egress spike;10x baseline;off hours,Egress traffic spike to 10x baseline overnight; destination IPs partially overlap with known CDN.,Network Anomaly,3.75,TA0010 - Exfiltration / TA0011 - Command and Control,T1048 - Exfiltration Over Alternative Protocol,N/A (post-exploitation exfiltration; no CVE applicable),Large outbound transfer after hours to an uncategorised destination is a high-fidelity exfiltration indicator. Volume and timing are inconsistent with normal business operations. Investigate the originating host for malware or insider threat activity.,Block outbound traffic from the originating host to the external destination at the perimeter firewall. Isolate the host if malware is suspected.,"1. Block outbound traffic from the source host to the external destination IP at the perimeter firewall.
2. Identify the originating process on the host responsible for the transfer via EDR telemetry.
3. Determine what data was transferred: classify the data type and sensitivity.
4. Check whether the destination IP is on any threat intel blacklist.
5. If malware is suspected as the cause: isolate the host and follow the Malware playbook.
6. If insider threat is suspected: preserve evidence, do not alert the user, and escalate to Tier-2 and HR.
7. Submit destination IP and any associated domains as IOCs.
8. File an incident report and determine whether a data breach notification is required.",Investigate,Investigate,YES
1045,2026-02-12T00:15:29Z,Network Monitoring,Unusual Network Traffic,Darktrace,CRITICAL,91,HIGH,Network Segment,Service,data exfiltration pattern;DNS tunnelling;blacklisted destination,Large-volume DNS tunnelling to known malicious domain; data exfiltration pattern confirmed by Darktrace.,Network Anomaly,9.5,TA0010 - Exfiltration / TA0011 - Command and Control,T1048 - Exfiltration Over Alternative Protocol,N/A (post-exploitation exfiltration; no CVE applicable),Large outbound transfer after hours to an uncategorised destination is a high-fidelity exfiltration indicator. Volume and timing are inconsistent with normal business operations. Investigate the originating host for malware or insider threat activity.,Block outbound traffic from the originating host to the external destination at the perimeter firewall. Isolate the host if malware is suspected.,"1. Block outbound traffic from the source host to the external destination IP at the perimeter firewall.
2. Identify the originating process on the host responsible for the transfer via EDR telemetry.
3. Determine what data was transferred: classify the data type and sensitivity.
4. Check whether the destination IP is on any threat intel blacklist.
5. If malware is suspected as the cause: isolate the host and follow the Malware playbook.
6. If insider threat is suspected: preserve evidence, do not alert the user, and escalate to Tier-2 and HR.
7. Submit destination IP and any associated domains as IOCs.
8. File an incident report and determine whether a data breach notification is required.",Escalate,Escalate,YES
1046,2026-02-12T07:50:06Z,Network Monitoring,Unusual Network Traffic,Palo Alto NGFW,HIGH,75,HIGH,Network Segment,Staff,non-standard port;encoded payload;no business justification,Traffic on port 8443 with encoded payload pattern; no approved application uses this port.,Network Anomaly,7.5,TA0010 - Exfiltration / TA0011 - Command and Control,T1095 - Non-Application Layer Protocol / T1571 - Non-Standard Port,CVE-2021-44228 (Log4Shell) or CVE-2021-26084 (Confluence RCE) - common vectors for establishing C2,Communication to a known-malicious or blacklisted IP on a non-standard port strongly indicates active C2 communication. The originating host should be treated as compromised. Non-standard ports are used to evade firewall rules that only inspect common ports.,Block the destination IP at the perimeter firewall immediately. Isolate the originating host via EDR.,"1. Block the C2 IP and any associated domains at the perimeter firewall.
2. Isolate the originating internal host via EDR quarantine.
3. Review the host for malware persistence mechanisms.
4. Decode and analyse any encoded payload captured in the traffic.
5. Check threat intel for the C2 IP — identify malware family if possible.
6. Review CVE-2021-44228 and CVE-2021-26084 patch status on the affected host.
7. Submit the C2 IP, port, and payload hash as IOCs.
8. Escalate to Tier-2 for full incident investigation.",Escalate,Escalate,YES
1047,2026-02-12T11:25:43Z,Network Monitoring,Unusual Network Traffic,Zeek IDS,LOW,24,LOW,Network Segment,Staff,routine backup;scheduled task;known destination,Network activity matches scheduled backup window to approved cloud backup destination.,Network Anomaly,1.0,TA0010 - Exfiltration / TA0011 - Command and Control,N/A - Likely false positive,N/A,"Traffic pattern is consistent with legitimate business activity: scheduled backup, software update distribution from a known CDN, or an approved asset discovery tool. Low risk indicator.",No immediate containment required.,"1. Verify the traffic source and destination against approved application and backup schedules.
2. Confirm the CDN or destination is on the approved vendor list.
3. If confirmed legitimate: whitelist the traffic pattern to reduce future alert noise.
4. Document and close ticket as false positive or resolved.",Close - Resolved,Close - Resolved,YES
1048,2026-02-12T15:00:20Z,Network Monitoring,Unusual Network Traffic,Cisco Stealthwatch,LOW,49,MEDIUM,Network Segment,Staff,internal scan;low intensity;asset discovery tool,Low-intensity internal scan attributed to approved asset discovery tool running on schedule.,Network Anomaly,1.5,TA0010 - Exfiltration / TA0011 - Command and Control,T1046 - Network Service Scanning,CVE-2017-0144 (EternalBlue/WannaCry) - commonly exploited after internal SMB scanning,Internal port scanning targeting the DMZ or other segments indicates an attacker or compromised host mapping the network for lateral movement opportunities. SMB scanning may indicate preparation for EternalBlue exploitation.,Block the scanning host from communicating with DMZ segment at the internal firewall. Investigate the scanning host for compromise.,"1. Block traffic from the scanning host to DMZ and other sensitive segments at the internal firewall.
2. Investigate the scanning host via EDR telemetry for the process responsible for the scan.
3. Determine whether the scan was generated by an approved asset discovery tool or unauthorised software.
4. If unauthorised: treat host as compromised and follow Malware playbook.
5. Review patch status for CVE-2017-0144 across all hosts in the scanned range.
6. Check for any successful connections made to open ports discovered during the scan.
7. Document findings and escalate to Tier-2 if compromise is confirmed.",Close - False Positive,Close - False Positive,YES
1049,2026-02-10T04:45:33Z,DLP Solution,Data Policy Violation,Microsoft Purview,CRITICAL,89,HIGH,File Share,Admin,bulk PII download;after hours;admin account;no justification,Admin account downloaded 2000 customer PII records at 11 PM with no approved business justification.,Policy Violation,9.5,TA0010 - Exfiltration / TA0009 - Collection,T1530 - Data from Cloud Storage / T1213 - Data from Information Repositories,N/A (insider threat; no CVE applicable),"Bulk download of PII or confidential records, especially after hours or near a departure date, is a strong insider threat indicator. This type of event may also trigger regulatory breach notification obligations depending on data volume and type (GDPR, HIPAA, CCPA).",Suspend the account pending investigation. Preserve access logs and file audit trail. Do NOT alert the user — preserve the investigation.,"1. Immediately preserve all access logs, file audit trails, and DLP reports related to this event.
2. Suspend the user account WITHOUT notifying the user to protect investigation integrity.
3. Identify precisely which files were downloaded: classify sensitivity and regulatory category (PII, PHI, financial).
4. Check whether the data was transmitted externally (email, cloud upload, USB) following the download.
5. Escalate to Tier-2, HR, and Legal immediately.
6. Determine whether regulatory breach notification is required (GDPR 72-hour window, HIPAA, CCPA).
7. Revoke all active sessions for the account.
8. Coordinate with Legal on evidence preservation before any device collection.",Escalate,Escalate,YES
1050,2026-02-10T09:30:07Z,DLP Solution,Data Policy Violation,Symantec DLP,HIGH,78,HIGH,Email System,Staff,SSN pattern;external email;personal domain,Email containing Social Security Number pattern sent by staff member to personal email domain.,Policy Violation,7.5,TA0010 - Exfiltration / TA0009 - Collection,T1530 - Data from Cloud Storage / T1213 - Data from Information Repositories,N/A (insider threat; no CVE applicable),"Bulk download of PII or confidential records, especially after hours or near a departure date, is a strong insider threat indicator. This type of event may also trigger regulatory breach notification obligations depending on data volume and type (GDPR, HIPAA, CCPA).",Suspend the account pending investigation. Preserve access logs and file audit trail. Do NOT alert the user — preserve the investigation.,"1. Immediately preserve all access logs, file audit trails, and DLP reports related to this event.
2. Suspend the user account WITHOUT notifying the user to protect investigation integrity.
3. Identify precisely which files were downloaded: classify sensitivity and regulatory category (PII, PHI, financial).
4. Check whether the data was transmitted externally (email, cloud upload, USB) following the download.
5. Escalate to Tier-2, HR, and Legal immediately.
6. Determine whether regulatory breach notification is required (GDPR 72-hour window, HIPAA, CCPA).
7. Revoke all active sessions for the account.
8. Coordinate with Legal on evidence preservation before any device collection.",Escalate,Escalate,YES
1051,2026-02-10T13:05:44Z,DLP Solution,Data Policy Violation,Forcepoint,MEDIUM,57,MEDIUM,Endpoint,Staff,USB write attempt;unapproved device;blocked by DLP,USB write attempt blocked; device not on approved hardware list; user claims personal device.,Policy Violation,3.75,TA0010 - Exfiltration / TA0009 - Collection,T1567.002 - Exfiltration to Cloud Storage / T1052 - Exfiltration Over Physical Medium,N/A (policy violation; no CVE applicable),Upload to personal cloud storage or write to unapproved removable media may indicate data exfiltration or careless policy breach. Severity depends on the sensitivity classification of the files involved. Unmanaged printers bypass DRM controls and create physical data exposure risk.,Block the personal cloud storage domain or USB device at endpoint DLP. Retrieve the print job output if possible.,"1. Identify the files involved and classify their sensitivity level.
2. Determine whether the upload or transfer was intentional or accidental.
3. Block the personal cloud storage domain or disable USB write access at endpoint DLP policy.
4. If file is sensitive: contact the user and their manager; initiate a data handling policy reminder.
5. If file is highly sensitive or PII: escalate to Tier-2 and Legal for breach assessment.
6. Remotely wipe or delete the uploaded data from the personal cloud account if accessible.
7. Document the incident and update DLP rules to prevent recurrence.
8. Provide targeted security awareness training to the user.",Investigate,Investigate,YES
1052,2026-02-10T17:40:21Z,DLP Solution,Data Policy Violation,Microsoft Purview,LOW,26,LOW,Cloud Storage,Staff,personal cloud upload;non-sensitive file;small volume,Small non-sensitive file uploaded to personal cloud storage; file classification: public.,Policy Violation,1.0,TA0010 - Exfiltration / TA0009 - Collection,T1567.002 - Exfiltration to Cloud Storage / T1052 - Exfiltration Over Physical Medium,N/A (policy violation; no CVE applicable),Upload to personal cloud storage or write to unapproved removable media may indicate data exfiltration or careless policy breach. Severity depends on the sensitivity classification of the files involved. Unmanaged printers bypass DRM controls and create physical data exposure risk.,Block the personal cloud storage domain or USB device at endpoint DLP. Retrieve the print job output if possible.,"1. Identify the files involved and classify their sensitivity level.
2. Determine whether the upload or transfer was intentional or accidental.
3. Block the personal cloud storage domain or disable USB write access at endpoint DLP policy.
4. If file is sensitive: contact the user and their manager; initiate a data handling policy reminder.
5. If file is highly sensitive or PII: escalate to Tier-2 and Legal for breach assessment.
6. Remotely wipe or delete the uploaded data from the personal cloud account if accessible.
7. Document the incident and update DLP rules to prevent recurrence.
8. Provide targeted security awareness training to the user.",Close - False Positive,Close - False Positive,YES
1053,2026-02-11T05:10:58Z,DLP Solution,Data Policy Violation,Symantec DLP,HIGH,80,HIGH,File Share,Admin,terminated employee access;active session;after hours,Active session detected accessing terminated employee file share after hours using a live admin credential.,Policy Violation,7.5,TA0010 - Exfiltration / TA0009 - Collection,T1078.002 - Domain Accounts (unauthorised use),N/A (access control failure; no CVE applicable),An active session using credentials associated with a terminated employee indicates either a de-provisioning failure or credential theft and reuse. Both scenarios require immediate investigation. Check whether the credential was disabled at termination.,Revoke the active session immediately. Disable the account in all identity systems. Review de-provisioning checklist for completeness.,"1. Terminate the active session immediately in the identity provider.
2. Disable the account in Active Directory, Okta, Azure AD, and all other identity systems.
3. Determine whether the account should have been disabled at termination — review the offboarding checklist.
4. Identify all actions taken during the unauthorised session: files accessed, data copied, settings changed.
5. Check all systems the account had access to for signs of unauthorised changes.
6. If credentials appear to have been used by a third party: treat as external compromise and escalate to Tier-2.
7. Coordinate with HR and Legal on documentation.
8. Strengthen de-provisioning procedures to prevent recurrence.",Escalate,Escalate,YES
1054,2026-02-11T10:55:35Z,DLP Solution,Data Policy Violation,Forcepoint,MEDIUM,63,MEDIUM,Endpoint,Staff,bulk file access;sensitive classification;business hours,Large number of sensitive-classified files accessed by single user during business hours; pattern is unusual.,Policy Violation,3.75,TA0010 - Exfiltration / TA0009 - Collection,T1530 - Data from Cloud Storage / T1213 - Data from Information Repositories,N/A (insider threat; no CVE applicable),"Bulk download of PII or confidential records, especially after hours or near a departure date, is a strong insider threat indicator. This type of event may also trigger regulatory breach notification obligations depending on data volume and type (GDPR, HIPAA, CCPA).",Suspend the account pending investigation. Preserve access logs and file audit trail. Do NOT alert the user — preserve the investigation.,"1. Immediately preserve all access logs, file audit trails, and DLP reports related to this event.
2. Suspend the user account WITHOUT notifying the user to protect investigation integrity.
3. Identify precisely which files were downloaded: classify sensitivity and regulatory category (PII, PHI, financial).
4. Check whether the data was transmitted externally (email, cloud upload, USB) following the download.
5. Escalate to Tier-2, HR, and Legal immediately.
6. Determine whether regulatory breach notification is required (GDPR 72-hour window, HIPAA, CCPA).
7. Revoke all active sessions for the account.
8. Coordinate with Legal on evidence preservation before any device collection.",Investigate,Investigate,YES
1055,2026-02-11T15:30:12Z,DLP Solution,Data Policy Violation,Microsoft Purview,LOW,32,LOW,Email System,Staff,attachment sent;internal recipient;approved classification,File attachment sent to internal recipient; file classification approved for internal sharing.,Policy Violation,1.0,TA0010 - Exfiltration / TA0009 - Collection,N/A - Likely false positive,N/A,"File classification and transfer destination indicate no actual policy violation. Data is either public, approved for the destination, or sent to an internal recipient with appropriate permissions.",No containment required.,"1. Verify the file classification and confirm it is approved for the transfer destination.
2. Confirm the recipient or destination is authorised.
3. Update DLP tuning rules to reduce future false positive alerts for this pattern.
4. Document and close ticket as false positive.",Close - Resolved,Close - Resolved,YES
1056,2026-02-11T19:05:49Z,DLP Solution,Data Policy Violation,Symantec DLP,MEDIUM,52,MEDIUM,Cloud Storage,Staff,personal cloud upload;moderately sensitive;unusual volume,Moderately sensitive files uploaded to personal cloud storage; volume higher than previous baseline.,Policy Violation,3.75,TA0010 - Exfiltration / TA0009 - Collection,T1567.002 - Exfiltration to Cloud Storage / T1052 - Exfiltration Over Physical Medium,N/A (policy violation; no CVE applicable),Upload to personal cloud storage or write to unapproved removable media may indicate data exfiltration or careless policy breach. Severity depends on the sensitivity classification of the files involved. Unmanaged printers bypass DRM controls and create physical data exposure risk.,Block the personal cloud storage domain or USB device at endpoint DLP. Retrieve the print job output if possible.,"1. Identify the files involved and classify their sensitivity level.
2. Determine whether the upload or transfer was intentional or accidental.
3. Block the personal cloud storage domain or disable USB write access at endpoint DLP policy.
4. If file is sensitive: contact the user and their manager; initiate a data handling policy reminder.
5. If file is highly sensitive or PII: escalate to Tier-2 and Legal for breach assessment.
6. Remotely wipe or delete the uploaded data from the personal cloud account if accessible.
7. Document the incident and update DLP rules to prevent recurrence.
8. Provide targeted security awareness training to the user.",Investigate,Investigate,YES
1057,2026-02-12T01:40:26Z,DLP Solution,Data Policy Violation,Forcepoint,CRITICAL,94,HIGH,File Share,Staff,mass data download;departure indicator;confidential files,Staff member with upcoming resignation downloaded large volume of confidential project files.,Policy Violation,9.5,TA0010 - Exfiltration / TA0009 - Collection,T1530 - Data from Cloud Storage / T1213 - Data from Information Repositories,N/A (insider threat; no CVE applicable),"Bulk download of PII or confidential records, especially after hours or near a departure date, is a strong insider threat indicator. This type of event may also trigger regulatory breach notification obligations depending on data volume and type (GDPR, HIPAA, CCPA).",Suspend the account pending investigation. Preserve access logs and file audit trail. Do NOT alert the user — preserve the investigation.,"1. Immediately preserve all access logs, file audit trails, and DLP reports related to this event.
2. Suspend the user account WITHOUT notifying the user to protect investigation integrity.
3. Identify precisely which files were downloaded: classify sensitivity and regulatory category (PII, PHI, financial).
4. Check whether the data was transmitted externally (email, cloud upload, USB) following the download.
5. Escalate to Tier-2, HR, and Legal immediately.
6. Determine whether regulatory breach notification is required (GDPR 72-hour window, HIPAA, CCPA).
7. Revoke all active sessions for the account.
8. Coordinate with Legal on evidence preservation before any device collection.",Escalate,Escalate,YES
1058,2026-02-12T08:15:03Z,DLP Solution,Data Policy Violation,Microsoft Purview,HIGH,72,MEDIUM,Endpoint,Admin,print job;confidential classification;unmanaged printer,Confidential HR documents sent to an unmanaged local printer with no DRM protection applied.,Policy Violation,5.62,TA0010 - Exfiltration / TA0009 - Collection,T1567.002 - Exfiltration to Cloud Storage / T1052 - Exfiltration Over Physical Medium,N/A (policy violation; no CVE applicable),Upload to personal cloud storage or write to unapproved removable media may indicate data exfiltration or careless policy breach. Severity depends on the sensitivity classification of the files involved. Unmanaged printers bypass DRM controls and create physical data exposure risk.,Block the personal cloud storage domain or USB device at endpoint DLP. Retrieve the print job output if possible.,"1. Identify the files involved and classify their sensitivity level.
2. Determine whether the upload or transfer was intentional or accidental.
3. Block the personal cloud storage domain or disable USB write access at endpoint DLP policy.
4. If file is sensitive: contact the user and their manager; initiate a data handling policy reminder.
5. If file is highly sensitive or PII: escalate to Tier-2 and Legal for breach assessment.
6. Remotely wipe or delete the uploaded data from the personal cloud account if accessible.
7. Document the incident and update DLP rules to prevent recurrence.
8. Provide targeted security awareness training to the user.",Investigate,Investigate,YES
1059,2026-02-12T12:50:40Z,DLP Solution,Data Policy Violation,Symantec DLP,LOW,23,LOW,Email System,Staff,outbound email;public content;external domain,Outbound email to external domain; content classified as public; no policy violation confirmed.,Policy Violation,1.0,TA0010 - Exfiltration / TA0009 - Collection,N/A - Likely false positive,N/A,"File classification and transfer destination indicate no actual policy violation. Data is either public, approved for the destination, or sent to an internal recipient with appropriate permissions.",No containment required.,"1. Verify the file classification and confirm it is approved for the transfer destination.
2. Confirm the recipient or destination is authorised.
3. Update DLP tuning rules to reduce future false positive alerts for this pattern.
4. Document and close ticket as false positive.",Close - False Positive,Close - False Positive,YES
1060,2026-02-12T17:25:17Z,DLP Solution,Data Policy Violation,Forcepoint,MEDIUM,59,MEDIUM,Cloud Storage,Staff,personal cloud upload;financial report draft;unclassified,Draft financial report uploaded to personal cloud storage; document not yet classified.,Policy Violation,3.75,TA0010 - Exfiltration / TA0009 - Collection,T1567.002 - Exfiltration to Cloud Storage / T1052 - Exfiltration Over Physical Medium,N/A (policy violation; no CVE applicable),Upload to personal cloud storage or write to unapproved removable media may indicate data exfiltration or careless policy breach. Severity depends on the sensitivity classification of the files involved. Unmanaged printers bypass DRM controls and create physical data exposure risk.,Block the personal cloud storage domain or USB device at endpoint DLP. Retrieve the print job output if possible.,"1. Identify the files involved and classify their sensitivity level.
2. Determine whether the upload or transfer was intentional or accidental.
3. Block the personal cloud storage domain or disable USB write access at endpoint DLP policy.
4. If file is sensitive: contact the user and their manager; initiate a data handling policy reminder.
5. If file is highly sensitive or PII: escalate to Tier-2 and Legal for breach assessment.
6. Remotely wipe or delete the uploaded data from the personal cloud account if accessible.
7. Document the incident and update DLP rules to prevent recurrence.
8. Provide targeted security awareness training to the user.",Investigate,Investigate,YES
